<!DOCTYPE book PUBLIC "-//OASIS//DTD DocBook XML V4.1.2//EN" "http://www.oasis-open.org/docbook/xml/4.1.2/docbookx.dtd">
<book><info><cover><para>
  I am the cover
</para>
</cover></info><title>My Guide to Bowling</title><chapter><title>How I buy shoes</title><para>
  I just buy whatever has discounts
</para><para><xref linkend="Pythagorean Triangle"></xref>Pythagorean
  Triangle
</para><literallayout><link xlink:href="/testnew/index.php/Main_Page">Main Page</literallayout>
<section><title header="section header">Buying the right clothes</title><para>
  Testing page contents
  <footnote>Check this link</footnote></para><para>
  But maybe you want to try something else
  <footnote>this other link</footnote></para>
<para>
  I want to buy some shoes
</para><figure xreflabel="Pythagorean Triangle" id="Pythagorean Triangle"><mediaobject><imageobject><imagedata fileref="images/Wiki.png" width="928px" depth="149px"></imagedata></imageobject><textobject><phrase></phrase></textobject></mediaobject><title>Pythagorean Triangle</title></figure>
</section></chapter><appendix><title>Appendix</title><para>
  Let this be the appendix
</para>
</appendix><index></index></book>
